White,Black,GameID
7198.0,-7142.0,0
7191.0,-7064.0,0
7184.0,-7039.0,0
7177.0,-7028.0,0
7091.0,-6862.0,0
7066.0,-6857.0,0
7060.0,-6480.0,0
6562.0,-5596.0,0
5609.0,-4350.0,0
5552.0,-4171.0,0
5125.0,-4164.0,0
5087.0,-3822.0,0
4826.0,-3785.0,0
4656.0,-3588.0,0
4643.0,-3534.0,0
4563.0,-2955.0,0
4249.0,-2802.0,0
4104.0,-2745.0,0
4084.0,-2540.0,0
3870.0,-2514.0,0
3674.0,-2495.0,0
3307.0,-2127.0,0
2662.0,-2019.0,0
2627.0,-1572.0,0
2008.0,-1471.0,0
1896.0,-1443.0,0
1869.0,-1308.0,0
1721.0,-1240.0,0
1276.0,-897.0,0
1227.0,-843.0,0
1130.0,-837.0,0
1123.0,-448.0,0
648.0,-446.0,0
640.0,-444.0,0
631.0,-437.0,0
574.0,-431.0,0
505.0,-322.0,0
502.0,-300.0,0
498.0,-244.0,0
3760.0,-3775.0,0
3137.0,-3609.0,0
2908.0,-2858.0,0
2739.0,-2770.0,0
2505.0,-2711.0,0
2469.0,-2624.0,0
1955.0,-2332.0,0
1743.0,-1991.0,0
1462.0,-1926.0,0
1451.0,-1711.0,0
1444.0,-1702.0,0
1291.0,-1681.0,0
1285.0,-1385.0,0
954.0,-1071.0,0
879.0,-1053.0,0
476.0,-1002.0,0
471.0,-777.0,0
455.0,-524.0,0
330.0,-508.0,0
234.0,-502.0,0
1100.0,-1348.0,0
882.0,-1345.0,0
908.0,-1372.0,0
930.0,-1399.0,0
955.0,-1422.0,0
981.0,-1447.0,0
1008.0,-1473.0,0
1034.0,-1500.0,0
1060.0,-1528.0,0
,,0
7198.0,-7193.0,1
,-7187.0,1
7099.0,-7170.0,1
7095.0,-7146.0,1
7064.0,-7107.0,1
7058.0,-7066.0,1
7053.0,-7021.0,1
7047.0,-6951.0,1
7019.0,-6796.0,1
7003.0,-6720.0,1
6979.0,-6214.0,1
6854.0,-5679.0,1
6167.0,-5456.0,1
4942.0,-4953.0,1
4934.0,-4848.0,1
4892.0,-4760.0,1
4341.0,-3629.0,1
4259.0,-3558.0,1
4128.0,-3510.0,1
3313.0,-3481.0,1
3305.0,-3089.0,1
3089.0,-2914.0,1
1549.0,-2702.0,1
1493.0,-2461.0,1
1387.0,-2426.0,1
870.0,-2384.0,1
867.0,-2098.0,1
454.0,-1924.0,1
442.0,-1920.0,1
136.0,-1770.0,1
133.0,-1765.0,1
129.0,-1754.0,1
7197.0,-7193.0,2
7191.0,-7186.0,2
7185.0,-7176.0,2
7171.0,-7170.0,2
7160.0,-7165.0,2
7141.0,-7155.0,2
7115.0,-7141.0,2
7105.0,-6463.0,2
7064.0,-6237.0,2
6345.0,-6051.0,2
6311.0,-5928.0,2
6304.0,-5918.0,2
5424.0,-5824.0,2
4633.0,-5418.0,2
3975.0,-5177.0,2
3826.0,-5076.0,2
3821.0,-4233.0,2
3567.0,-4173.0,2
3551.0,-4153.0,2
3508.0,-4017.0,2
3029.0,-3578.0,2
2958.0,-3502.0,2
2780.0,-3060.0,2
2561.0,-2279.0,2
2417.0,-2268.0,2
2333.0,-1768.0,2
1684.0,-1710.0,2
1667.0,-1439.0,2
1606.0,-1435.0,2
1567.0,-1204.0,2
1063.0,-1077.0,2
829.0,-458.0,2
810.0,-323.0,2
536.0,-283.0,2
197.0,-279.0,2
195.0,-262.0,2
124.0,-138.0,2
103.0,-134.0,2
99.0,-103.0,2
3680.0,-3697.0,2
3240.0,-3271.0,2
1948.0,-2804.0,2
1625.0,-2640.0,2
1619.0,-2308.0,2
1342.0,-1968.0,2
1254.0,-1955.0,2
1236.0,-1906.0,2
1113.0,-1877.0,2
1026.0,-1862.0,2
1016.0,,2
7196.0,-7192.0,3
7190.0,-7184.0,3
7169.0,-7175.0,3
7143.0,-7156.0,3
7121.0,-7147.0,3
7066.0,-7137.0,3
7061.0,-7128.0,3
6938.0,-7031.0,3
6664.0,-6994.0,3
6459.0,-6962.0,3
6379.0,-6899.0,3
5830.0,-6753.0,3
5506.0,-6679.0,3
5013.0,-6604.0,3
4038.0,-6495.0,3
3724.0,-6420.0,3
3719.0,-6378.0,3
3471.0,-6331.0,3
3463.0,-6325.0,3
2569.0,-6188.0,3
2434.0,-4911.0,3
2358.0,-2688.0,3
1815.0,-2597.0,3
1669.0,-1178.0,3
1206.0,-956.0,3
1076.0,-746.0,3
713.0,-741.0,3
680.0,-723.0,3
674.0,-700.0,3
417.0,-579.0,3
342.0,-465.0,3
157.0,-437.0,3
152.0,-278.0,3
100.0,-258.0,3
93.0,-235.0,3
90.0,-209.0,3
89.0,-166.0,3
73.0,-71.0,3
65.0,-52.0,3
3654.0,-3644.0,3
3603.0,-3135.0,3
3107.0,-2641.0,3
2602.0,-2585.0,3
2400.0,-2430.0,3
2381.0,-2244.0,3
2300.0,-2082.0,3
2223.0,-2001.0,3
2176.0,-1921.0,3
2167.0,-1759.0,3
2107.0,-1557.0,3
2102.0,-1260.0,3
2057.0,-1009.0,3
1549.0,-982.0,3
1439.0,-869.0,3
1435.0,-845.0,3
1413.0,-792.0,3
1373.0,-734.0,3
1106.0,-696.0,3
1070.0,-656.0,3
1960.0,-1558.0,3
1972.0,-1563.0,3
2000.0,-1572.0,3
2023.0,-1572.0,3
2049.0,-1574.0,3
2075.0,-1490.0,3
2092.0,-1417.0,3
2113.0,-1314.0,3
2100.0,-1257.0,3
2094.0,-1232.0,3
2109.0,-1218.0,3
2070.0,-1237.0,3
7149.0,-7183.0,4
7101.0,-7172.0,4
7088.0,-7163.0,4
7075.0,-6985.0,4
7046.0,-6862.0,4
6992.0,-6857.0,4
6956.0,-6565.0,4
6922.0,-6269.0,4
6472.0,-6131.0,4
6091.0,-6001.0,4
5985.0,-5996.0,4
5591.0,-5341.0,4
5118.0,-4896.0,4
4896.0,-3970.0,4
4427.0,-3704.0,4
3916.0,-3606.0,4
3893.0,-3380.0,4
3481.0,-2749.0,4
2879.0,-2569.0,4
2814.0,-2562.0,4
2799.0,-2505.0,4
2465.0,-2398.0,4
2190.0,-2322.0,4
2183.0,-2134.0,4
2016.0,-1979.0,4
2001.0,-1944.0,4
1544.0,-1766.0,4
1527.0,-1758.0,4
1516.0,-814.0,4
1383.0,-651.0,4
1203.0,-595.0,4
1150.0,-334.0,4
1099.0,-330.0,4
1045.0,-326.0,4
1040.0,-214.0,4
997.0,-196.0,4
993.0,-167.0,4
953.0,-99.0,4
939.0,-76.0,4
4535.0,-3672.0,4
2999.0,-3593.0,4
2001.0,-3577.0,4
1999.0,-3461.0,4
1885.0,-3448.0,4
1663.0,-3391.0,4
1661.0,-3335.0,4
1658.0,-1843.0,4
1499.0,-1580.0,4
1493.0,-1574.0,4
1491.0,-1569.0,4
1229.0,-924.0,4
1066.0,-832.0,4
733.0,-763.0,4
688.0,-759.0,4
674.0,-756.0,4
670.0,-685.0,4
565.0,-581.0,4
560.0,-548.0,4
497.0,-500.0,4
1286.0,-1398.0,4
7197.0,-7196.0,5
7188.0,-7193.0,5
7181.0,-7188.0,5
7170.0,-7183.0,5
7162.0,-6755.0,5
7089.0,-6751.0,5
7079.0,-6541.0,5
7050.0,-5307.0,5
7015.0,-5303.0,5
7010.0,-5299.0,5
7003.0,-5294.0,5
6998.0,-4246.0,5
6960.0,-4127.0,5
6661.0,-3172.0,5
5427.0,-3074.0,5
5421.0,-3055.0,5
5166.0,-2320.0,5
3262.0,-2128.0,5
2122.0,-1707.0,5
2001.0,-1557.0,5
1650.0,-1172.0,5
1526.0,-1167.0,5
1523.0,-1161.0,5
1515.0,-963.0,5
1460.0,-881.0,5
1429.0,-876.0,5
1414.0,-764.0,5
1342.0,-653.0,5
1295.0,-579.0,5
1283.0,-539.0,5
1254.0,-531.0,5
1152.0,-346.0,5
994.0,-197.0,5
756.0,-192.0,5
715.0,-69.0,5
606.0,-67.0,5
594.0,-54.0,5
500.0,-49.0,5
497.0,-15.0,5
4032.0,-3602.0,5
3998.0,-3354.0,5
3133.0,-3234.0,5
2948.0,-3226.0,5
2903.0,-3200.0,5
2800.0,-2812.0,5
2627.0,-2784.0,5
2575.0,-2729.0,5
2549.0,-2081.0,5
2458.0,-1378.0,5
2251.0,-1024.0,5
1957.0,-735.0,5
1878.0,-731.0,5
1810.0,-724.0,5
1782.0,-600.0,5
1739.0,-534.0,5
1680.0,-414.0,5
1292.0,-324.0,5
1272.0,-259.0,5
1155.0,-223.0,5
2081.0,-1150.0,5
1814.0,-505.0,5
1227.0,-443.0,5
757.0,-235.0,5
737.0,-129.0,5
735.0,-157.0,5
744.0,-183.0,5
767.0,-209.0,5
791.0,-229.0,5
787.0,-237.0,5
814.0,-261.0,5
819.0,-259.0,5
845.0,-287.0,5
707.0,-312.0,5
703.0,-134.0,5
723.0,,5
7193.0,-7194.0,6
7188.0,-7191.0,6
7183.0,-7186.0,6
7178.0,-7174.0,6
7156.0,-7168.0,6
7138.0,-7158.0,6
7121.0,-7141.0,6
7076.0,-7116.0,6
7058.0,-7086.0,6
6849.0,-7061.0,6
6440.0,-7054.0,6
6120.0,-7027.0,6
5983.0,-7011.0,6
5585.0,-6983.0,6
4903.0,-6896.0,6
4793.0,-6858.0,6
3610.0,-6318.0,6
3588.0,-6088.0,6
3565.0,-5742.0,6
3552.0,-5014.0,6
3340.0,-4565.0,6
3068.0,-4135.0,6
3005.0,-3830.0,6
2524.0,-3214.0,6
2480.0,-3029.0,6
2153.0,-2385.0,6
2077.0,-1577.0,6
2056.0,-1384.0,6
1468.0,-1351.0,6
1390.0,-764.0,6
1305.0,-732.0,6
1301.0,-600.0,6
1168.0,,6
7196.0,-7196.0,7
7190.0,-7192.0,7
7181.0,-7187.0,7
7175.0,-7184.0,7
7168.0,-7170.0,7
7161.0,-7161.0,7
7154.0,-7141.0,7
7139.0,-7124.0,7
7132.0,-7097.0,7
7124.0,-7059.0,7
7106.0,-7046.0,7
7083.0,-7018.0,7
7064.0,-7001.0,7
7055.0,-6998.0,7
7046.0,-6785.0,7
6628.0,-6518.0,7
6076.0,-6467.0,7
5902.0,-6052.0,7
5101.0,-5537.0,7
4840.0,-5518.0,7
4470.0,-5230.0,7
4313.0,-4999.0,7
4219.0,-4711.0,7
3413.0,-4594.0,7
3323.0,-4196.0,7
3282.0,-4191.0,7
3079.0,-3036.0,7
2894.0,-3018.0,7
2659.0,-2762.0,7
2650.0,-2661.0,7
2623.0,-2641.0,7
2395.0,-2347.0,7
2099.0,-2193.0,7
1721.0,-2162.0,7
1694.0,-2156.0,7
1680.0,-2127.0,7
1661.0,-2108.0,7
1405.0,-1825.0,7
1247.0,-1806.0,7
4842.0,-5403.0,7
4832.0,-5289.0,7
7195.0,-7140.0,8
7177.0,-7126.0,8
7149.0,-7102.0,8
7105.0,-7040.0,8
7099.0,-7033.0,8
7094.0,-7028.0,8
7070.0,-7012.0,8
7063.0,-7008.0,8
7051.0,-7001.0,8
7045.0,-6996.0,8
6900.0,-6958.0,8
6730.0,-6862.0,8
6205.0,-6686.0,8
6199.0,-6646.0,8
5321.0,-5687.0,8
5168.0,-4765.0,8
,-3976.0,8
4020.0,-3902.0,8
3998.0,-3878.0,8
3701.0,-3275.0,8
2142.0,-2702.0,8
1027.0,-1591.0,8
975.0,-1397.0,8
974.0,-1375.0,8
898.0,-1366.0,8
893.0,-1334.0,8
696.0,-1224.0,8
638.0,-1100.0,8
507.0,-1076.0,8
501.0,-953.0,8
430.0,-896.0,8
429.0,-891.0,8
250.0,-845.0,8
227.0,-787.0,8
83.0,-750.0,8
58.0,-739.0,8
50.0,-734.0,8
49.0,-725.0,8
46.0,-721.0,8
3644.0,-4318.0,8
7197.0,-7195.0,9
7191.0,-7191.0,9
7179.0,-7185.0,9
7176.0,-7177.0,9
7171.0,-7172.0,9
7149.0,-7159.0,9
7144.0,-7154.0,9
7109.0,-7146.0,9
7076.0,-7133.0,9
7033.0,-6648.0,9
6966.0,-6533.0,9
6694.0,-6488.0,9
6688.0,-6444.0,9
6159.0,-6418.0,9
6107.0,-6337.0,9
4899.0,-6283.0,9
4884.0,-6278.0,9
4880.0,-6262.0,9
4875.0,-6254.0,9
4821.0,-6106.0,9
4789.0,-5705.0,9
4758.0,-5150.0,9
4654.0,-4672.0,9
3850.0,-4547.0,9
3793.0,-4139.0,9
3299.0,-4042.0,9
2613.0,-4000.0,9
2610.0,-3219.0,9
1847.0,-3163.0,9
1840.0,-2455.0,9
1791.0,-2283.0,9
1108.0,-2087.0,9
899.0,-2070.0,9
893.0,-1849.0,9
784.0,-1789.0,9
489.0,-652.0,9
464.0,-632.0,9
396.0,-599.0,9
349.0,-584.0,9
3813.0,-3761.0,9
2845.0,-3606.0,9
2699.0,-3597.0,9
2679.0,-3571.0,9
2654.0,-3548.0,9
2641.0,-3542.0,9
2628.0,-3537.0,9
2618.0,-3533.0,9
2615.0,-3528.0,9
2613.0,-3522.0,9
2610.0,-3518.0,9
2608.0,,9
7198.0,-7193.0,10
7192.0,-7188.0,10
7181.0,-7179.0,10
7162.0,-7160.0,10
7147.0,-7154.0,10
6961.0,-7133.0,10
6780.0,-6986.0,10
6701.0,-6981.0,10
6656.0,-6952.0,10
6651.0,-6945.0,10
6222.0,-6912.0,10
5896.0,-6882.0,10
5458.0,-6860.0,10
5454.0,-6853.0,10
5439.0,-6573.0,10
5385.0,-6393.0,10
5193.0,-5714.0,10
5182.0,-5712.0,10
5146.0,-5703.0,10
3795.0,-5686.0,10
3792.0,-5661.0,10
3730.0,-5435.0,10
3623.0,-5412.0,10
3451.0,-5347.0,10
3286.0,-5212.0,10
3246.0,-5204.0,10
3219.0,-5156.0,10
3182.0,-5151.0,10
3170.0,-5146.0,10
3166.0,,10
7196.0,-7192.0,11
7188.0,-7185.0,11
7180.0,-7179.0,11
7170.0,-7163.0,11
7159.0,-7157.0,11
7154.0,-7149.0,11
7139.0,-7113.0,11
7122.0,-7101.0,11
7101.0,-7002.0,11
7078.0,-6967.0,11
7063.0,-6899.0,11
7036.0,-6759.0,11
7019.0,-5880.0,11
6970.0,-5704.0,11
6938.0,-5324.0,11
6916.0,-5296.0,11
6909.0,-5271.0,11
6833.0,-2747.0,11
6754.0,-2723.0,11
6710.0,-1801.0,11
6637.0,-1796.0,11
6601.0,-1793.0,11
6572.0,-1725.0,11
6555.0,-1723.0,11
6542.0,-1669.0,11
6086.0,-1619.0,11
5914.0,-1591.0,11
5757.0,-1528.0,11
5352.0,-1443.0,11
5112.0,-1327.0,11
4460.0,-1223.0,11
4020.0,-880.0,11
4005.0,-878.0,11
3693.0,-780.0,11
3678.0,-777.0,11
3667.0,-773.0,11
2861.0,-754.0,11
2829.0,-155.0,11
2807.0,-126.0,11
6271.0,-3683.0,11
6265.0,-3673.0,11
2553.0,-3657.0,11
2390.0,-3651.0,11
1613.0,-3629.0,11
1522.0,-3621.0,11
1005.0,-3582.0,11
917.0,-3578.0,11
908.0,-3574.0,11
823.0,-3545.0,11
816.0,-3539.0,11
813.0,-3535.0,11
808.0,-3532.0,11
801.0,-3527.0,11
7151.0,-7193.0,12
7135.0,-7187.0,12
7109.0,-7182.0,12
7099.0,-7177.0,12
7083.0,-7168.0,12
7076.0,-7160.0,12
7025.0,-7118.0,12
7011.0,-7095.0,12
7002.0,-7088.0,12
6443.0,-7053.0,12
6260.0,-6835.0,12
5870.0,-6813.0,12
5804.0,-6810.0,12
5723.0,-6777.0,12
5675.0,-6715.0,12
5669.0,-6625.0,12
5663.0,-6622.0,12
5357.0,-6557.0,12
5163.0,-6469.0,12
4604.0,-6346.0,12
4214.0,-6046.0,12
4173.0,-5754.0,12
4148.0,-5249.0,12
3502.0,-4840.0,12
3205.0,-4141.0,12
2937.0,-4110.0,12
2907.0,-4079.0,12
2669.0,-4060.0,12
2460.0,-3701.0,12
2367.0,-3679.0,12
2320.0,-3611.0,12
2208.0,-2407.0,12
2097.0,-2400.0,12
1245.0,-2076.0,12
932.0,-1972.0,12
928.0,-1968.0,12
894.0,-1964.0,12
889.0,-1959.0,12
838.0,-1931.0,12
4434.0,-5528.0,12
4419.0,-5521.0,12
4415.0,-5517.0,12
4411.0,-5514.0,12
4402.0,-5513.0,12
7196.0,-7194.0,13
7186.0,-7187.0,13
7178.0,-7181.0,13
7175.0,-7173.0,13
7171.0,-7165.0,13
7123.0,-7145.0,13
7116.0,-7126.0,13
7109.0,-7111.0,13
7083.0,-7094.0,13
6998.0,-7079.0,13
6972.0,-7063.0,13
6956.0,-7052.0,13
6919.0,-7038.0,13
6867.0,-7019.0,13
6852.0,-7004.0,13
6289.0,-6901.0,13
6178.0,-6882.0,13
5849.0,-6786.0,13
5811.0,-6384.0,13
5768.0,-4548.0,13
5542.0,-2820.0,13
5116.0,-2259.0,13
5065.0,-1863.0,13
4890.0,-1506.0,13
4588.0,-1103.0,13
4573.0,-193.0,13
4471.0,-84.0,13
4338.0,-71.0,13
4073.0,-68.0,13
3824.0,-65.0,13
3500.0,-55.0,13
3494.0,-51.0,13
3447.0,-35.0,13
3261.0,-34.0,13
3244.0,-17.0,13
3062.0,-16.0,13
3055.0,-12.0,13
3046.0,-5.0,13
3028.0,,13
7196.0,-7197.0,14
7190.0,-7193.0,14
7182.0,-7189.0,14
7176.0,-7185.0,14
7168.0,-6760.0,14
7129.0,-6315.0,14
7063.0,-5683.0,14
6789.0,-5335.0,14
6748.0,-5264.0,14
6685.0,-5191.0,14
6608.0,-4640.0,14
5557.0,-4589.0,14
5531.0,-4586.0,14
5495.0,-4362.0,14
5424.0,-4145.0,14
5313.0,-4045.0,14
5251.0,-3651.0,14
3647.0,-3531.0,14
3596.0,-3228.0,14
3571.0,-3176.0,14
3540.0,-2882.0,14
3498.0,-2255.0,14
2879.0,-2233.0,14
2826.0,-1856.0,14
2741.0,-1669.0,14
2277.0,-1552.0,14
2198.0,-1299.0,14
2105.0,-1297.0,14
2065.0,-1293.0,14
2007.0,-1203.0,14
1982.0,-1099.0,14
1748.0,-1094.0,14
1739.0,-1092.0,14
1712.0,-1085.0,14
1707.0,-1081.0,14
1678.0,-1045.0,14
1650.0,-1040.0,14
1646.0,-968.0,14
1640.0,-962.0,14
5237.0,-4559.0,14
5232.0,,14
7197.0,-7195.0,15
7191.0,-7192.0,15
7182.0,-7186.0,15
7177.0,-7179.0,15
7132.0,-7168.0,15
7129.0,-7157.0,15
7123.0,-7116.0,15
6948.0,-7080.0,15
6251.0,-7048.0,15
5990.0,-6964.0,15
5979.0,-6960.0,15
5975.0,-6951.0,15
5660.0,-6182.0,15
5565.0,-6174.0,15
5563.0,-6170.0,15
5497.0,-4864.0,15
5384.0,-3918.0,15
5161.0,-3914.0,15
5156.0,-3766.0,15
4589.0,-3136.0,15
4520.0,-2402.0,15
4514.0,-2357.0,15
3108.0,-2342.0,15
3021.0,-2338.0,15
3011.0,-1850.0,15
3003.0,-1283.0,15
1011.0,-1279.0,15
976.0,-1276.0,15
970.0,-1187.0,15
943.0,-1178.0,15
939.0,-1174.0,15
707.0,-1017.0,15
702.0,-1013.0,15
468.0,-943.0,15
459.0,-878.0,15
453.0,-873.0,15
410.0,-850.0,15
405.0,-733.0,15
377.0,-714.0,15
3972.0,-4281.0,15
3965.0,-3677.0,15
3942.0,-3341.0,15
3881.0,-3336.0,15
3876.0,-3317.0,15
3843.0,-3284.0,15
3839.0,-3280.0,15
3824.0,-3276.0,15
3787.0,-3219.0,15
3781.0,-3204.0,15
3774.0,-3155.0,15
3758.0,-3054.0,15
3752.0,-3050.0,15
3744.0,-3044.0,15
3739.0,-3036.0,15
3735.0,-2978.0,15
3724.0,-2766.0,15
3629.0,-2761.0,15
3525.0,-2712.0,15
3520.0,-2698.0,15
4431.0,-3624.0,15
4427.0,-3647.0,15
4451.0,-3670.0,15
4477.0,-3698.0,15
4504.0,,15
7197.0,-7143.0,16
7185.0,-7135.0,16
7180.0,-7128.0,16
7177.0,-7120.0,16
7169.0,-7071.0,16
6574.0,-6934.0,16
6376.0,-6901.0,16
5385.0,-6579.0,16
5114.0,-5567.0,16
5049.0,-5555.0,16
4946.0,-5391.0,16
4534.0,-4630.0,16
3626.0,-3257.0,16
3559.0,-2918.0,16
3446.0,-1988.0,16
2944.0,-1976.0,16
2675.0,-1907.0,16
2377.0,-1900.0,16
2371.0,-1869.0,16
1946.0,-1847.0,16
1941.0,-1843.0,16
1934.0,-1827.0,16
1928.0,-1823.0,16
1926.0,,16
7194.0,-7193.0,17
7190.0,-7188.0,17
7184.0,-7167.0,17
7163.0,-7065.0,17
7122.0,-7039.0,17
7094.0,-6923.0,17
,-6917.0,17
7048.0,-6908.0,17
7027.0,-6890.0,17
6840.0,-6853.0,17
5985.0,-5928.0,17
5759.0,-5892.0,17
5515.0,-5002.0,17
4779.0,-4854.0,17
4766.0,-4837.0,17
3338.0,-3517.0,17
3038.0,-3505.0,17
3035.0,-3361.0,17
2747.0,-3211.0,17
2568.0,-3075.0,17
2502.0,-2751.0,17
2423.0,-2454.0,17
2273.0,-2304.0,17
2152.0,-2100.0,17
2054.0,-2055.0,17
1979.0,-2008.0,17
1900.0,-2004.0,17
1897.0,-1813.0,17
1882.0,-1696.0,17
1687.0,-1597.0,17
1654.0,-1425.0,17
1642.0,-1371.0,17
1604.0,-1328.0,17
1418.0,-1161.0,17
1362.0,-1126.0,17
386.0,-1121.0,17
339.0,-770.0,17
83.0,-573.0,17
59.0,-324.0,17
3650.0,-3612.0,17
3531.0,-2558.0,17
3434.0,-2248.0,17
3218.0,-2166.0,17
3215.0,-2035.0,17
2854.0,-1744.0,17
2527.0,-1740.0,17
2499.0,-1611.0,17
2435.0,-1608.0,17
2430.0,-1606.0,17
2424.0,-1605.0,17
7197.0,-7196.0,18
7187.0,-7191.0,18
7155.0,-7186.0,18
7145.0,-7180.0,18
7115.0,-7173.0,18
7097.0,-7165.0,18
7039.0,-7159.0,18
6596.0,-7133.0,18
6455.0,-7126.0,18
6209.0,-7109.0,18
5788.0,-7074.0,18
5782.0,-7065.0,18
5258.0,-6818.0,18
4952.0,-6747.0,18
4593.0,-6551.0,18
3790.0,-5833.0,18
3740.0,-5825.0,18
3735.0,-5820.0,18
3503.0,-5780.0,18
3261.0,-5567.0,18
3216.0,-5562.0,18
2615.0,-5099.0,18
2378.0,-5057.0,18
1808.0,-5033.0,18
1720.0,-4881.0,18
1635.0,-4771.0,18
1078.0,-4735.0,18
1074.0,-4636.0,18
945.0,-4629.0,18
940.0,-4624.0,18
910.0,-4617.0,18
905.0,-4612.0,18
898.0,-4606.0,18
894.0,-4602.0,18
889.0,-4599.0,18
883.0,-4595.0,18
7196.0,-7194.0,19
7176.0,-7188.0,19
7160.0,-7182.0,19
7157.0,-7178.0,19
7134.0,-7160.0,19
7129.0,-7141.0,19
7081.0,-7127.0,19
7017.0,-6990.0,19
6892.0,-6980.0,19
6430.0,-6966.0,19
6409.0,-6946.0,19
6405.0,-6939.0,19
6402.0,-6382.0,19
6376.0,-5395.0,19
4752.0,-5361.0,19
4007.0,-5347.0,19
2709.0,-5264.0,19
2594.0,-4594.0,19
2581.0,-4358.0,19
2560.0,-3707.0,19
2534.0,-3639.0,19
2529.0,-3634.0,19
1884.0,-3609.0,19
1880.0,-3516.0,19
1593.0,-3350.0,19
1336.0,-3340.0,19
1332.0,-3239.0,19
803.0,-3127.0,19
786.0,-3079.0,19
758.0,-2995.0,19
740.0,-2947.0,19
659.0,-2941.0,19
389.0,-2888.0,19
378.0,,19
7198.0,-7125.0,20
7193.0,-7107.0,20
7187.0,-7101.0,20
7182.0,-7095.0,20
7178.0,-7065.0,20
7161.0,-7057.0,20
7157.0,-7005.0,20
7134.0,-6934.0,20
7111.0,-6883.0,20
7048.0,-6874.0,20
6956.0,-6860.0,20
6952.0,-6838.0,20
6829.0,-6817.0,20
6725.0,-6807.0,20
6719.0,-6802.0,20
6696.0,-6795.0,20
5078.0,-5764.0,20
4616.0,-5018.0,20
4409.0,-4795.0,20
3147.0,-4392.0,20
3131.0,-4371.0,20
3113.0,-4280.0,20
2938.0,-4111.0,20
2252.0,-3997.0,20
2212.0,-3946.0,20
2050.0,-3808.0,20
2048.0,-3757.0,20
1936.0,-3677.0,20
1613.0,-3601.0,20
1538.0,-3330.0,20
1007.0,-3302.0,20
1005.0,-2833.0,20
952.0,-2796.0,20
720.0,-2743.0,20
404.0,-2718.0,20
402.0,-2453.0,20
312.0,-2032.0,20
297.0,-1867.0,20
281.0,-1854.0,20
3877.0,-5067.0,20
7197.0,-7195.0,21
7191.0,-7192.0,21
7182.0,-7178.0,21
7174.0,-7159.0,21
7157.0,-7152.0,21
7099.0,-6622.0,21
7059.0,-5984.0,21
7010.0,-5687.0,21
6279.0,-5183.0,21
6269.0,-5179.0,21
5888.0,-4957.0,21
5592.0,-4531.0,21
3250.0,-4365.0,21
2680.0,-4162.0,21
2297.0,-4043.0,21
2291.0,-3716.0,21
1076.0,-3609.0,21
1068.0,-3601.0,21
1059.0,-3491.0,21
693.0,-3481.0,21
689.0,-2892.0,21
683.0,-2574.0,21
599.0,-2329.0,21
595.0,-2293.0,21
586.0,-1794.0,21
564.0,-1773.0,21
544.0,-1584.0,21
528.0,-1388.0,21
519.0,-1296.0,21
467.0,-1289.0,21
455.0,-1195.0,21
436.0,-1141.0,21
166.0,-648.0,21
155.0,-633.0,21
149.0,-619.0,21
129.0,-612.0,21
119.0,-554.0,21
91.0,-431.0,21
84.0,-299.0,21
3603.0,-3764.0,21
3588.0,-3652.0,21
3511.0,,21
7184.0,-7195.0,22
7179.0,-7192.0,22
7171.0,-7180.0,22
7164.0,-7170.0,22
7154.0,-7166.0,22
7144.0,-7160.0,22
7137.0,-7136.0,22
7127.0,-7130.0,22
7121.0,-7122.0,22
7115.0,-7110.0,22
7098.0,-7105.0,22
7094.0,-7056.0,22
7087.0,-6932.0,22
7071.0,-6358.0,22
7045.0,-6317.0,22
7021.0,-6293.0,22
7015.0,-6190.0,22
6997.0,-5352.0,22
6975.0,-4815.0,22
6941.0,-4791.0,22
6855.0,-4788.0,22
6831.0,-4785.0,22
6822.0,-4480.0,22
6790.0,-3561.0,22
6758.0,-2744.0,22
6723.0,-2742.0,22
5452.0,-2645.0,22
5447.0,-2612.0,22
5262.0,-2403.0,22
2231.0,-2385.0,22
2064.0,-2266.0,22
1994.0,-1788.0,22
1878.0,-1681.0,22
1864.0,-1000.0,22
1371.0,-996.0,22
1367.0,-993.0,22
1362.0,-987.0,22
1359.0,-982.0,22
1356.0,-978.0,22
4953.0,-4506.0,22
4949.0,-4189.0,22
4898.0,-4176.0,22
7196.0,-7192.0,23
7190.0,-6823.0,23
7170.0,-6817.0,23
7095.0,-6767.0,23
7055.0,-6741.0,23
6927.0,-6660.0,23
6914.0,-6646.0,23
6889.0,-6600.0,23
6864.0,-5417.0,23
6832.0,-5413.0,23
6697.0,-4711.0,23
6668.0,-4159.0,23
6252.0,-3770.0,23
6116.0,-3542.0,23
6071.0,-3537.0,23
6059.0,-2940.0,23
4398.0,-2847.0,23
4090.0,-2819.0,23
3836.0,-2574.0,23
3560.0,-2178.0,23
3529.0,-2144.0,23
3152.0,-2142.0,23
3143.0,-1982.0,23
2942.0,-1878.0,23
2178.0,-1861.0,23
2157.0,-1785.0,23
2126.0,-1675.0,23
2050.0,-1651.0,23
1926.0,-1617.0,23
1583.0,-1413.0,23
1352.0,-1276.0,23
1297.0,-1119.0,23
1163.0,-539.0,23
1086.0,-335.0,23
1025.0,,23
7197.0,-7191.0,24
7188.0,-7186.0,24
7104.0,-7177.0,24
7093.0,-7171.0,24
7084.0,-7166.0,24
7078.0,-7162.0,24
6998.0,-7132.0,24
6969.0,-7125.0,24
6936.0,-7049.0,24
6915.0,-7035.0,24
6910.0,-6901.0,24
6878.0,-6834.0,24
6739.0,-6806.0,24
6718.0,-6767.0,24
6588.0,-6753.0,24
6495.0,-6734.0,24
5250.0,-6727.0,24
5249.0,-6720.0,24
3564.0,-6676.0,24
3118.0,-6653.0,24
3114.0,-6647.0,24
2940.0,-6622.0,24
2865.0,-6525.0,24
2858.0,-6121.0,24
2692.0,-5876.0,24
2472.0,-5842.0,24
2306.0,-5579.0,24
2089.0,-5483.0,24
1987.0,-5310.0,24
1856.0,-4877.0,24
1632.0,-4805.0,24
1221.0,-4513.0,24
1168.0,-4025.0,24
1160.0,-4019.0,24
794.0,-3969.0,24
421.0,-3946.0,24
417.0,-3877.0,24
266.0,-3815.0,24
218.0,-3782.0,24
3648.0,-7360.0,24
3631.0,-7334.0,24
3489.0,-7301.0,24
3373.0,-7226.0,24
7198.0,-7192.0,25
7192.0,-7188.0,25
7185.0,-7179.0,25
7178.0,-7170.0,25
7173.0,-7137.0,25
7161.0,-7105.0,25
7134.0,-7057.0,25
7127.0,-7046.0,25
7119.0,-7044.0,25
7111.0,-7002.0,25
7089.0,-6392.0,25
6885.0,-5889.0,25
6791.0,-5840.0,25
6288.0,-4929.0,25
6046.0,-4871.0,25
6018.0,-4867.0,25
6010.0,-4809.0,25
5393.0,-4151.0,25
5366.0,-4148.0,25
4027.0,-3441.0,25
3580.0,-3041.0,25
3385.0,-2560.0,25
3071.0,-2030.0,25
2688.0,-1990.0,25
1458.0,-1751.0,25
1372.0,-1749.0,25
1324.0,-1717.0,25
1219.0,-1556.0,25
723.0,-1284.0,25
698.0,-1163.0,25
627.0,-809.0,25
605.0,-805.0,25
437.0,-801.0,25
432.0,-664.0,25
423.0,-659.0,25
413.0,-651.0,25
408.0,-648.0,25
402.0,-621.0,25
396.0,-614.0,25
3991.0,-4207.0,25
7197.0,-7195.0,26
7193.0,-7187.0,26
7189.0,-7178.0,26
7173.0,-7137.0,26
7127.0,-7114.0,26
7113.0,-7103.0,26
7106.0,-7072.0,26
6661.0,-7053.0,26
6539.0,-7047.0,26
6059.0,-6152.0,26
5801.0,-5691.0,26
5292.0,-5347.0,26
4518.0,-2437.0,26
4441.0,-2410.0,26
4438.0,-2288.0,26
4195.0,-2138.0,26
3596.0,-2039.0,26
3593.0,-1925.0,26
3206.0,-1920.0,26
3178.0,-1885.0,26
2901.0,-1697.0,26
2856.0,-1596.0,26
2606.0,-1553.0,26
2251.0,-1321.0,26
2240.0,-1086.0,26
1897.0,-1000.0,26
1703.0,-971.0,26
1697.0,-859.0,26
1601.0,-855.0,26
1305.0,-853.0,26
1300.0,-790.0,26
1290.0,-698.0,26
1253.0,-661.0,26
1019.0,-617.0,26
954.0,-589.0,26
951.0,-485.0,26
705.0,-368.0,26
689.0,-261.0,26
449.0,-215.0,26
4045.0,-3605.0,26
3901.0,-2396.0,26
3724.0,-2021.0,26
3597.0,-2015.0,26
3560.0,-1680.0,26
3525.0,-1222.0,26
3380.0,-1137.0,26
3347.0,-893.0,26
3212.0,-816.0,26
2998.0,-733.0,26
2870.0,-581.0,26
2244.0,-561.0,26
2241.0,-541.0,26
2212.0,-536.0,26
2211.0,,26
7196.0,-7196.0,27
7190.0,-7193.0,27
6645.0,-7158.0,27
6467.0,-7126.0,27
6463.0,-7113.0,27
5507.0,-7089.0,27
5377.0,-7067.0,27
5357.0,-7042.0,27
5112.0,-6887.0,27
4371.0,-6669.0,27
4244.0,-6032.0,27
3733.0,-5571.0,27
3517.0,-3980.0,27
2750.0,-3816.0,27
2650.0,-3737.0,27
2605.0,-3641.0,27
2312.0,-3239.0,27
1816.0,-2666.0,27
1630.0,-2574.0,27
1304.0,-2024.0,27
1240.0,-1893.0,27
1099.0,-1709.0,27
1083.0,-1265.0,27
1072.0,-1262.0,27
815.0,-684.0,27
675.0,-419.0,27
540.0,-386.0,27
537.0,-383.0,27
473.0,-370.0,27
428.0,-256.0,27
409.0,-239.0,27
370.0,-235.0,27
305.0,-211.0,27
248.0,-121.0,27
180.0,-99.0,27
175.0,-89.0,27
133.0,-85.0,27
109.0,-67.0,27
70.0,-50.0,27
3626.0,-3646.0,27
3271.0,-3533.0,27
2973.0,-3200.0,27
2477.0,-2763.0,27
2472.0,-2758.0,27
2033.0,-2044.0,27
2028.0,-1711.0,27
2006.0,-1673.0,27
1085.0,-1120.0,27
679.0,-861.0,27
570.0,-307.0,27
425.0,-301.0,27
423.0,-156.0,27
420.0,-126.0,27
388.0,-50.0,27
382.0,-37.0,27
341.0,,27
7140.0,-7194.0,28
7125.0,-7188.0,28
6989.0,-7164.0,28
6956.0,-7004.0,28
6925.0,-6979.0,28
6864.0,-6784.0,28
6742.0,-6562.0,28
6471.0,-6504.0,28
6438.0,-6122.0,28
5926.0,-5961.0,28
5224.0,-5746.0,28
4380.0,-4436.0,28
4340.0,-4422.0,28
4295.0,-4408.0,28
4091.0,-4311.0,28
3955.0,-4231.0,28
3433.0,-4185.0,28
3420.0,-4180.0,28
3331.0,-3899.0,28
3078.0,-3867.0,28
3048.0,-3763.0,28
3029.0,-3293.0,28
2362.0,-3237.0,28
1988.0,-2539.0,28
1525.0,-982.0,28
1342.0,-871.0,28
1164.0,-560.0,28
1017.0,-559.0,28
830.0,,28
7196.0,-7198.0,29
7191.0,-7194.0,29
7187.0,-7190.0,29
7182.0,-7186.0,29
7176.0,-7177.0,29
7166.0,-7174.0,29
7156.0,-7167.0,29
7144.0,-7161.0,29
7139.0,-7157.0,29
7125.0,-7094.0,29
7107.0,-6814.0,29
7089.0,-6725.0,29
7074.0,-6495.0,29
7055.0,-6491.0,29
7050.0,-6488.0,29
7044.0,-6443.0,29
7022.0,-6435.0,29
7015.0,-6432.0,29
7009.0,-6424.0,29
6972.0,-6373.0,29
6961.0,-5981.0,29
6886.0,-5952.0,29
6766.0,-5929.0,29
6661.0,,29
6623.0,-5918.0,29
6617.0,-5812.0,29
6495.0,-5437.0,29
6364.0,-5158.0,29
6346.0,-5065.0,29
6213.0,-4990.0,29
6156.0,-4978.0,29
6152.0,-4975.0,29
6146.0,-4971.0,29
6128.0,-4954.0,29
6123.0,-4952.0,29
6117.0,-4950.0,29
6109.0,-4946.0,29
7196.0,-7196.0,30
7189.0,-7192.0,30
7184.0,-7188.0,30
7179.0,-7183.0,30
7171.0,-7177.0,30
7165.0,-7171.0,30
7162.0,-7167.0,30
7157.0,-7163.0,30
7149.0,-7150.0,30
7141.0,-7139.0,30
7135.0,-7122.0,30
7130.0,-7116.0,30
7126.0,-7109.0,30
7119.0,-7102.0,30
7116.0,-7068.0,30
7084.0,-7016.0,30
7061.0,-6992.0,30
7055.0,-6928.0,30
7048.0,-6899.0,30
7039.0,-6843.0,30
6988.0,-5516.0,30
6791.0,-4237.0,30
6026.0,-3541.0,30
5626.0,-2905.0,30
5451.0,-2497.0,30
5334.0,-1992.0,30
3852.0,-1102.0,30
3660.0,-1051.0,30
3573.0,-574.0,30
3391.0,-562.0,30
3042.0,-560.0,30
3012.0,-485.0,30
3007.0,-483.0,30
2992.0,-445.0,30
2825.0,-400.0,30
2732.0,-163.0,30
2304.0,-162.0,30
2011.0,-83.0,30
1514.0,-79.0,30
5110.0,-3663.0,30
4919.0,-3113.0,30
4706.0,-2981.0,30
4259.0,-2759.0,30
4255.0,-2376.0,30
4175.0,-1987.0,30
4142.0,-1653.0,30
4012.0,-1388.0,30
3583.0,-674.0,30
3459.0,-659.0,30
2993.0,-496.0,30
2922.0,-389.0,30
2612.0,-336.0,30
2351.0,-296.0,30
2243.0,-292.0,30
2063.0,-231.0,30
2058.0,-229.0,30
1935.0,-224.0,30
1918.0,-205.0,30
1864.0,-191.0,30
2720.0,-1025.0,30
2742.0,-827.0,30
2574.0,-581.0,30
2433.0,-606.0,30
2397.0,-632.0,30
2308.0,-534.0,30
2303.0,-559.0,30
2326.0,-253.0,30
2324.0,-235.0,30
2314.0,-127.0,30
2307.0,-154.0,30
2281.0,-124.0,30
2252.0,-136.0,30
2276.0,-123.0,30
2254.0,,30
7198.0,-7197.0,31
7193.0,-7194.0,31
7184.0,-7178.0,31
7170.0,-7161.0,31
7152.0,-7137.0,31
7069.0,-7089.0,31
7011.0,-7035.0,31
6911.0,-6958.0,31
6880.0,-6733.0,31
6682.0,-6715.0,31
6108.0,-6649.0,31
5588.0,-6521.0,31
5404.0,-6398.0,31
5130.0,-6194.0,31
4843.0,-6066.0,31
4457.0,-5885.0,31
4361.0,-5497.0,31
3973.0,-5244.0,31
3790.0,-4655.0,31
3661.0,-4621.0,31
3412.0,-4527.0,31
3334.0,-4347.0,31
2489.0,-3979.0,31
2391.0,-3518.0,31
2098.0,-2809.0,31
1952.0,-2502.0,31
1872.0,-2219.0,31
1755.0,-1969.0,31
1335.0,-1360.0,31
1030.0,-1224.0,31
979.0,-916.0,31
720.0,-896.0,31
672.0,-472.0,31
465.0,-390.0,31
445.0,-314.0,31
294.0,-285.0,31
125.0,-280.0,31
102.0,-252.0,31
82.0,-76.0,31
3607.0,-3671.0,31
3081.0,-3601.0,31
3028.0,-3459.0,31
2706.0,-3196.0,31
1872.0,-2912.0,31
1657.0,-2458.0,31
1652.0,-2451.0,31
972.0,-2210.0,31
919.0,-2163.0,31
596.0,-2094.0,31
545.0,-1882.0,31
399.0,-1722.0,31
396.0,-1575.0,31
350.0,-1391.0,31
308.0,-1103.0,31
284.0,-638.0,31
256.0,-577.0,31
214.0,-273.0,31
188.0,-235.0,31
108.0,-226.0,31
983.0,-1017.0,31
720.0,-797.0,31
603.0,-793.0,31
606.0,-820.0,31
521.0,-767.0,31
530.0,-714.0,31
510.0,-616.0,31
525.0,-352.0,31
443.0,-313.0,31
370.0,-247.0,31
316.0,-214.0,31
286.0,-241.0,31
237.0,-238.0,31
204.0,-142.0,31
163.0,-168.0,31
179.0,-162.0,31
194.0,-107.0,31
218.0,-97.0,31
173.0,-60.0,31
179.0,-75.0,31
156.0,-76.0,31
88.0,-77.0,31
38.0,-32.0,31
40.0,-37.0,31
46.0,-32.0,31
42.0,-57.0,31
36.0,-41.0,31
33.0,-39.0,31
32.0,-31.0,31
34.0,-34.0,31
57.0,-64.0,31
39.0,-39.0,31
51.0,-68.0,31
62.0,,31
7198.0,-7087.0,32
7172.0,-7074.0,32
7104.0,-6997.0,32
7073.0,-6987.0,32
6648.0,-6918.0,32
6633.0,-6909.0,32
6621.0,-6897.0,32
6534.0,-6307.0,32
6508.0,-6243.0,32
6000.0,-5685.0,32
5870.0,-4781.0,32
5507.0,-4404.0,32
5384.0,-3813.0,32
4819.0,-3742.0,32
4567.0,-3459.0,32
4093.0,-3424.0,32
4058.0,-3410.0,32
4048.0,-3173.0,32
3992.0,-3163.0,32
3616.0,-2985.0,32
3452.0,-2881.0,32
2726.0,-2843.0,32
2641.0,-2795.0,32
1944.0,-1930.0,32
1128.0,-1880.0,32
1062.0,-1440.0,32
1024.0,-1433.0,32
920.0,-1262.0,32
688.0,-1063.0,32
679.0,-947.0,32
385.0,-835.0,32
348.0,-806.0,32
329.0,-572.0,32
324.0,-531.0,32
312.0,-474.0,32
215.0,-374.0,32
164.0,-189.0,32
159.0,-113.0,32
102.0,-35.0,32
3631.0,-3601.0,32
3294.0,,32
7198.0,-7195.0,33
7193.0,-7192.0,33
7186.0,-7188.0,33
7181.0,-7183.0,33
7175.0,-7175.0,33
7169.0,-7171.0,33
7163.0,-7164.0,33
7161.0,-7154.0,33
7158.0,-7075.0,33
7136.0,-6232.0,33
7030.0,-6052.0,33
6980.0,-5774.0,33
6742.0,-4173.0,33
6376.0,-3241.0,33
5612.0,-3196.0,33
5539.0,-3001.0,33
5070.0,-2410.0,33
3644.0,-1825.0,33
3567.0,-1620.0,33
3361.0,-1497.0,33
2825.0,-864.0,33
2680.0,-863.0,33
1493.0,-788.0,33
1460.0,-787.0,33
672.0,-727.0,33
663.0,-726.0,33
639.0,-681.0,33
623.0,-674.0,33
620.0,-514.0,33
487.0,-510.0,33
381.0,-461.0,33
365.0,-147.0,33
238.0,-146.0,33
194.0,-123.0,33
123.0,-122.0,33
115.0,-121.0,33
53.0,-81.0,33
47.0,-47.0,33
37.0,-46.0,33
3619.0,-3646.0,33
3371.0,,33
7197.0,-7193.0,34
7192.0,-7188.0,34
7187.0,-7183.0,34
7182.0,-7177.0,34
7178.0,-7172.0,34
7172.0,-7132.0,34
7152.0,-7127.0,34
7143.0,-7121.0,34
7115.0,-7114.0,34
7095.0,-7078.0,34
7068.0,-6551.0,34
7040.0,-6113.0,34
7023.0,-5657.0,34
6985.0,-5504.0,34
6972.0,-5378.0,34
6871.0,-4350.0,34
6848.0,-3917.0,34
4899.0,-3495.0,34
4274.0,-3456.0,34
3748.0,-3436.0,34
3584.0,-2466.0,34
2820.0,-2432.0,34
2314.0,-2412.0,34
1179.0,-2335.0,34
1099.0,-2156.0,34
1095.0,-2125.0,34
1093.0,-1962.0,34
319.0,-1898.0,34
271.0,-1689.0,34
268.0,-1602.0,34
250.0,-1574.0,34
150.0,-1345.0,34
149.0,-1333.0,34
128.0,-1237.0,34
122.0,-1042.0,34
120.0,-995.0,34
89.0,-896.0,34
55.0,-834.0,34
52.0,-812.0,34
3648.0,-4407.0,34
7198.0,-7194.0,35
7195.0,-7186.0,35
7191.0,-7180.0,35
7188.0,-7174.0,35
7183.0,-7168.0,35
7164.0,-7163.0,35
7131.0,-7156.0,35
7116.0,-7131.0,35
7109.0,-7096.0,35
7105.0,-7091.0,35
7089.0,-6837.0,35
7060.0,-6260.0,35
7002.0,-6255.0,35
6999.0,-6078.0,35
6958.0,-5790.0,35
6929.0,-5462.0,35
6883.0,-4846.0,35
6860.0,-3684.0,35
6839.0,-3549.0,35
6567.0,-3525.0,35
6556.0,-3475.0,35
5267.0,-2696.0,35
5039.0,-2651.0,35
4039.0,-2602.0,35
3968.0,-2592.0,35
3583.0,-2271.0,35
3129.0,-2252.0,35
3126.0,-2017.0,35
2934.0,-1123.0,35
2906.0,-1118.0,35
2881.0,-1113.0,35
2875.0,-748.0,35
2239.0,-566.0,35
1414.0,-558.0,35
1410.0,-419.0,35
1353.0,-314.0,35
799.0,-303.0,35
796.0,-81.0,35
692.0,-80.0,35
4090.0,-3637.0,35
3791.0,-3408.0,35
3774.0,-3402.0,35
3665.0,-3122.0,35
3060.0,-3020.0,35
2634.0,-2907.0,35
2147.0,-2415.0,35
2143.0,-2409.0,35
1893.0,-2352.0,35
1765.0,-2120.0,35
1659.0,-2088.0,35
1467.0,-1892.0,35
1441.0,-1704.0,35
1432.0,-1694.0,35
1284.0,-1689.0,35
1226.0,-885.0,35
1214.0,-802.0,35
1044.0,-284.0,35
973.0,-278.0,35
963.0,-254.0,35
1885.0,-1078.0,35
1807.0,,35
7197.0,-7191.0,36
7186.0,-7187.0,36
7093.0,-7170.0,36
7082.0,-7165.0,36
7034.0,-7130.0,36
7021.0,-7124.0,36
6995.0,-7062.0,36
6987.0,-6994.0,36
6883.0,-6822.0,36
6557.0,-6807.0,36
6480.0,-6791.0,36
5483.0,-6749.0,36
5473.0,-6728.0,36
4943.0,-5720.0,36
4112.0,-5382.0,36
3988.0,-5364.0,36
3955.0,-5193.0,36
3209.0,-4650.0,36
3012.0,-4225.0,36
2715.0,-4073.0,36
2608.0,-3798.0,36
2479.0,-3749.0,36
1924.0,-3564.0,36
1719.0,-3326.0,36
1439.0,-3310.0,36
1437.0,-3305.0,36
1164.0,-3286.0,36
1161.0,-3274.0,36
1100.0,-1517.0,36
1047.0,-1458.0,36
979.0,-1349.0,36
868.0,-1277.0,36
517.0,-1227.0,36
507.0,-996.0,36
471.0,-992.0,36
440.0,-989.0,36
430.0,-895.0,36
388.0,-893.0,36
137.0,-223.0,36
3676.0,-3820.0,36
2112.0,-3804.0,36
2047.0,-3559.0,36
1931.0,-3545.0,36
1929.0,-3528.0,36
1630.0,-3116.0,36
1572.0,-3113.0,36
1560.0,-3112.0,36
1480.0,-3085.0,36
1460.0,-3084.0,36
1239.0,-3081.0,36
499.0,-3073.0,36
493.0,-3043.0,36
430.0,-3001.0,36
309.0,-2990.0,36
300.0,-2977.0,36
7197.0,-7196.0,37
7192.0,-7192.0,37
7186.0,-7184.0,37
7171.0,-7177.0,37
7166.0,-7139.0,37
7154.0,-7130.0,37
7146.0,-7116.0,37
7125.0,-7064.0,37
7106.0,-6963.0,37
7039.0,-6949.0,37
7028.0,-6888.0,37
6692.0,-6553.0,37
6628.0,-5934.0,37
6415.0,-5930.0,37
6115.0,-5391.0,37
5600.0,-4784.0,37
5293.0,-3226.0,37
4439.0,-3215.0,37
4378.0,-3108.0,37
3712.0,-3071.0,37
3423.0,-2799.0,37
3235.0,-1907.0,37
2434.0,-1903.0,37
2426.0,-1771.0,37
2386.0,-1129.0,37
2085.0,-757.0,37
1942.0,-587.0,37
1773.0,-584.0,37
1314.0,-386.0,37
1251.0,-363.0,37
1151.0,-344.0,37
761.0,-304.0,37
754.0,-200.0,37
744.0,-166.0,37
609.0,-144.0,37
589.0,-92.0,37
332.0,-90.0,37
308.0,-74.0,37
219.0,-50.0,37
3763.0,-3626.0,37
3645.0,-2992.0,37
3375.0,-2878.0,37
3185.0,-2859.0,37
3025.0,-2453.0,37
2214.0,-2112.0,37
2091.0,-1797.0,37
1854.0,-1791.0,37
1847.0,-1683.0,37
1761.0,-1679.0,37
1754.0,-1581.0,37
1706.0,-1478.0,37
1686.0,-1473.0,37
1651.0,-1447.0,37
1621.0,-1430.0,37
1612.0,-1369.0,37
1578.0,-1344.0,37
1572.0,,37
7195.0,-7192.0,38
7189.0,-7187.0,38
7184.0,-7179.0,38
7174.0,-7171.0,38
7167.0,-7165.0,38
7154.0,-7152.0,38
7104.0,-7049.0,38
7087.0,-7037.0,38
7061.0,-7031.0,38
7045.0,-6991.0,38
6880.0,-6952.0,38
6869.0,-6883.0,38
6842.0,-6768.0,38
6823.0,-6754.0,38
6817.0,-6719.0,38
6796.0,-6126.0,38
6717.0,-5684.0,38
6474.0,-5310.0,38
6160.0,-5235.0,38
6034.0,-4844.0,38
5281.0,-4584.0,38
5002.0,-4144.0,38
4859.0,-3668.0,38
4613.0,-3252.0,38
4081.0,-3172.0,38
3926.0,-2783.0,38
3674.0,-2613.0,38
3669.0,-2594.0,38
3659.0,-2229.0,38
3537.0,-2226.0,38
3527.0,-2220.0,38
3523.0,-2214.0,38
3520.0,-2211.0,38
3516.0,-2208.0,38
3513.0,-2204.0,38
3510.0,-2200.0,38
3505.0,,38
7196.0,-7196.0,39
7186.0,-7173.0,39
7165.0,-7165.0,39
7163.0,-7155.0,39
7156.0,-7150.0,39
7136.0,-7127.0,39
7130.0,-6562.0,39
6464.0,-6536.0,39
5974.0,-5544.0,39
4122.0,-5222.0,39
3651.0,-4055.0,39
3243.0,-3136.0,39
3227.0,-3100.0,39
3217.0,-2830.0,39
3115.0,-2395.0,39
3015.0,-1987.0,39
2978.0,-1653.0,39
2914.0,-1632.0,39
2896.0,-1567.0,39
2607.0,-1206.0,39
2410.0,-1154.0,39
1940.0,-1094.0,39
1705.0,-1090.0,39
1506.0,-643.0,39
1478.0,-613.0,39
1265.0,-509.0,39
1093.0,-256.0,39
1067.0,-46.0,39
968.0,-45.0,39
945.0,-34.0,39
939.0,-2.0,39
935.0,,39
7196.0,-7154.0,40
7185.0,-7125.0,40
7005.0,-7034.0,40
7000.0,-7016.0,40
6989.0,-7008.0,40
6856.0,-6995.0,40
6385.0,-6956.0,40
6382.0,-6942.0,40
6378.0,-6934.0,40
6372.0,-6929.0,40
6361.0,-6911.0,40
6332.0,-6898.0,40
6208.0,-6813.0,40
6195.0,-6435.0,40
5912.0,-6089.0,40
5844.0,-5719.0,40
5493.0,-4588.0,40
4571.0,-4128.0,40
4146.0,-3857.0,40
4088.0,-3827.0,40
3869.0,-3518.0,40
3850.0,-3507.0,40
3818.0,-3352.0,40
2996.0,-3256.0,40
2959.0,-3235.0,40
2958.0,-3227.0,40
2956.0,-3134.0,40
2934.0,-3128.0,40
2928.0,-1516.0,40
2825.0,-1464.0,40
2820.0,-1461.0,40
2426.0,-1425.0,40
2422.0,-1169.0,40
2345.0,-1166.0,40
2244.0,-1160.0,40
2241.0,-1066.0,40
2010.0,-907.0,40
1993.0,-881.0,40
1801.0,-830.0,40
5336.0,-4233.0,40
5170.0,-4025.0,40
4849.0,-3548.0,40
4802.0,-3489.0,40
4550.0,-3189.0,40
4521.0,-3151.0,40
4498.0,-3107.0,40
4391.0,-3078.0,40
4265.0,-2922.0,40
4188.0,-2909.0,40
3739.0,-2728.0,40
3670.0,-2693.0,40
3668.0,-2648.0,40
3638.0,-2584.0,40
3600.0,-2058.0,40
3491.0,-2026.0,40
3299.0,-1672.0,40
3227.0,-1639.0,40
3080.0,-1632.0,40
3077.0,-1552.0,40
4002.0,-2424.0,40
4005.0,-2401.0,40
3991.0,-2385.0,40
3998.0,-2376.0,40
3910.0,-2387.0,40
3937.0,-2308.0,40
3954.0,-2208.0,40
3641.0,-2121.0,40
3582.0,-2095.0,40
3598.0,-1979.0,40
3592.0,-1989.0,40
3554.0,-1975.0,40
3579.0,-2000.0,40
3605.0,-2008.0,40
3548.0,-2003.0,40
3256.0,-1898.0,40
3277.0,-1829.0,40
3303.0,-1827.0,40
3319.0,-1813.0,40
3345.0,-1823.0,40
3276.0,-1828.0,40
3303.0,-1793.0,40
3331.0,-1779.0,40
3359.0,-1745.0,40
3384.0,-1670.0,40
3407.0,-1696.0,40
3414.0,-1721.0,40
3416.0,-1744.0,40
3441.0,-1471.0,40
3402.0,-1382.0,40
3422.0,-1362.0,40
3447.0,-1389.0,40
3473.0,-1416.0,40
3500.0,-1442.0,40
3521.0,-1467.0,40
3550.0,,40
,,40
7198.0,-7194.0,41
7195.0,-7189.0,41
7191.0,-7184.0,41
7187.0,-7178.0,41
7184.0,-7146.0,41
7179.0,-7135.0,41
7174.0,-7051.0,41
7100.0,-7002.0,41
7095.0,-6828.0,41
7061.0,-6558.0,41
7047.0,-6457.0,41
7038.0,-6407.0,41
7025.0,-5874.0,41
6934.0,-5421.0,41
6478.0,-5319.0,41
5082.0,-4958.0,41
2942.0,-4858.0,41
2670.0,-4704.0,41
2654.0,-4694.0,41
2179.0,-4033.0,41
2023.0,-4022.0,41
1651.0,-3989.0,41
1366.0,-3398.0,41
1336.0,-3302.0,41
1188.0,-3216.0,41
1138.0,-3025.0,41
1014.0,-2979.0,41
981.0,-2893.0,41
975.0,-2732.0,41
681.0,-2423.0,41
594.0,-2382.0,41
211.0,-2316.0,41
165.0,-2076.0,41
125.0,-1980.0,41
119.0,-1958.0,41
7198.0,-7194.0,42
7194.0,-7189.0,42
7188.0,-7173.0,42
7182.0,-7122.0,42
7165.0,-7108.0,42
7162.0,-6418.0,42
7144.0,-6410.0,42
7087.0,-6383.0,42
6978.0,-6064.0,42
6620.0,-6042.0,42
6617.0,-5699.0,42
6207.0,-5597.0,42
5873.0,-5528.0,42
5636.0,-5264.0,42
5634.0,-4574.0,42
5223.0,-4170.0,42
4431.0,-4152.0,42
4338.0,-4145.0,42
4337.0,-4064.0,42
4332.0,-4059.0,42
4285.0,-3325.0,42
4206.0,-3120.0,42
3692.0,-3059.0,42
3687.0,-3049.0,42
3683.0,-3045.0,42
3675.0,-3035.0,42
3670.0,-3029.0,42
3667.0,-3025.0,42
3665.0,-3018.0,42
3662.0,-3013.0,42
3659.0,-3009.0,42
3656.0,-3004.0,42
3653.0,-3000.0,42
7197.0,-7178.0,43
7192.0,-7174.0,43
7187.0,-7168.0,43
7181.0,-7164.0,43
7173.0,-7162.0,43
7157.0,-7157.0,43
7154.0,-7152.0,43
7149.0,-7136.0,43
7127.0,-7132.0,43
7108.0,-7083.0,43
7062.0,-7008.0,43
7056.0,-7004.0,43
7050.0,-7000.0,43
7041.0,-6935.0,43
6977.0,-6442.0,43
6944.0,-6431.0,43
6885.0,-6419.0,43
6795.0,-6238.0,43
6768.0,-5710.0,43
5743.0,-5656.0,43
5738.0,-5546.0,43
4668.0,-5400.0,43
3127.0,-4314.0,43
3122.0,-4312.0,43
3117.0,-4309.0,43
3113.0,-4283.0,43
2991.0,-4162.0,43
2503.0,-4008.0,43
2442.0,-3725.0,43
2151.0,-3541.0,43
2142.0,-3536.0,43
2133.0,-3527.0,43
1693.0,-2847.0,43
1418.0,-2842.0,43
1178.0,-2747.0,43
562.0,-2553.0,43
285.0,-2530.0,43
270.0,-2363.0,43
213.0,-2359.0,43
3625.0,-5738.0,43
3144.0,-5692.0,43
3039.0,-5315.0,43
2348.0,-5302.0,43
2213.0,-5088.0,43
1981.0,-5075.0,43
1977.0,-4920.0,43
1705.0,-4326.0,43
1700.0,-4063.0,43
1621.0,-3100.0,43
1602.0,-2315.0,43
1375.0,-2267.0,43
1127.0,-2258.0,43
596.0,-2065.0,43
575.0,-2016.0,43
467.0,-2015.0,43
353.0,-1962.0,43
308.0,-1912.0,43
167.0,-1688.0,43
132.0,-1400.0,43
1059.0,-2323.0,43
869.0,-2009.0,43
892.0,-2009.0,43
918.0,-2029.0,43
859.0,-1800.0,43
815.0,-1756.0,43
810.0,-1770.0,43
813.0,-1784.0,43
840.0,-1810.0,43
795.0,-1766.0,43
759.0,-1778.0,43
674.0,-1703.0,43
550.0,-1716.0,43
565.0,-1472.0,43
563.0,-1471.0,43
514.0,-1429.0,43
342.0,-1454.0,43
370.0,-1462.0,43
368.0,-1451.0,43
7152.0,-7196.0,44
7143.0,-7192.0,44
7127.0,-7186.0,44
7069.0,-7180.0,44
7056.0,-7174.0,44
7017.0,-6662.0,44
6972.0,-6455.0,44
6934.0,-6055.0,44
6903.0,-6031.0,44
6897.0,-6016.0,44
6763.0,-6001.0,44
6387.0,-5932.0,44
6331.0,-5818.0,44
4909.0,-5282.0,44
4725.0,-5152.0,44
4572.0,-5147.0,44
4538.0,-5012.0,44
4268.0,-4702.0,44
3861.0,-3642.0,44
3520.0,-3617.0,44
2869.0,-3034.0,44
2710.0,-3027.0,44
2673.0,-2854.0,44
1987.0,-2517.0,44
1807.0,-2139.0,44
1417.0,-1165.0,44
1332.0,-1160.0,44
1274.0,-853.0,44
1194.0,-823.0,44
820.0,-767.0,44
716.0,-762.0,44
547.0,-718.0,44
543.0,-673.0,44
534.0,-668.0,44
531.0,-661.0,44
405.0,-585.0,44
256.0,-521.0,44
241.0,-396.0,44
125.0,-318.0,44
3723.0,-3905.0,44
2769.0,-3900.0,44
2761.0,-3894.0,44
2735.0,-3596.0,44
2681.0,-3437.0,44
2635.0,-3399.0,44
2628.0,-3395.0,44
2623.0,-3226.0,44
2617.0,-3099.0,44
2550.0,-2981.0,44
2463.0,-2936.0,44
2460.0,-2931.0,44
2215.0,-2926.0,44
7196.0,-7197.0,45
7191.0,-7192.0,45
7180.0,-7187.0,45
7175.0,-7181.0,45
7171.0,-7174.0,45
7166.0,-7162.0,45
7162.0,-7143.0,45
7157.0,-7135.0,45
6701.0,-7100.0,45
6658.0,-7072.0,45
6651.0,-7068.0,45
6447.0,-6949.0,45
6431.0,-6665.0,45
6093.0,-6528.0,45
5235.0,-6276.0,45
4738.0,-6012.0,45
4596.0,-5062.0,45
3947.0,-4569.0,45
3086.0,-4087.0,45
3065.0,-3605.0,45
2698.0,-3206.0,45
1662.0,-2839.0,45
1513.0,-2382.0,45
1478.0,-1891.0,45
1459.0,-1810.0,45
1369.0,-1537.0,45
7198.0,-7173.0,46
7191.0,-7168.0,46
7184.0,-7159.0,46
7179.0,-7111.0,46
7170.0,-7100.0,46
7164.0,-7073.0,46
7154.0,-7041.0,46
7127.0,-6971.0,46
7119.0,-6949.0,46
6709.0,-6940.0,46
6703.0,-6900.0,46
6467.0,-6836.0,46
6300.0,-6827.0,46
6295.0,-6821.0,46
6289.0,-6018.0,46
5476.0,-4644.0,46
5405.0,-4639.0,46
5001.0,-4411.0,46
4950.0,-4323.0,46
4559.0,-4275.0,46
4349.0,-4135.0,46
4250.0,-3851.0,46
2748.0,-3667.0,46
2711.0,-3544.0,46
2491.0,-2814.0,46
2002.0,-1890.0,46
1723.0,-1616.0,46
1270.0,-1300.0,46
1201.0,-1278.0,46
1029.0,-1157.0,46
902.0,-577.0,46
854.0,-491.0,46
658.0,-371.0,46
533.0,-341.0,46
478.0,-310.0,46
460.0,-306.0,46
439.0,-224.0,46
403.0,-197.0,46
292.0,-191.0,46
3889.0,-3784.0,46
3884.0,-3779.0,46
7196.0,-7196.0,47
7191.0,-7194.0,47
7174.0,-7188.0,47
7119.0,-7178.0,47
7023.0,-7171.0,47
6891.0,-7161.0,47
6886.0,-7159.0,47
6878.0,-7157.0,47
6866.0,-7155.0,47
6832.0,-7152.0,47
6826.0,-7150.0,47
6819.0,-7148.0,47
6812.0,-7145.0,47
6807.0,-7143.0,47
7195.0,-7103.0,48
7171.0,-7088.0,48
7102.0,-7039.0,48
7097.0,-7029.0,48
7094.0,-7021.0,48
6980.0,-6971.0,48
6973.0,-6961.0,48
6958.0,-6953.0,48
6561.0,-6902.0,48
6509.0,-6359.0,48
5884.0,-6289.0,48
5544.0,-6213.0,48
5447.0,-5067.0,48
5421.0,-5057.0,48
4603.0,-4557.0,48
4584.0,-4538.0,48
4568.0,-4533.0,48
4561.0,-4525.0,48
4524.0,-4390.0,48
4379.0,-4244.0,48
4342.0,-3794.0,48
3944.0,-3504.0,48
3842.0,-3388.0,48
3780.0,-3252.0,48
3688.0,-3222.0,48
3683.0,-2645.0,48
3584.0,-2622.0,48
3509.0,-2580.0,48
3503.0,-2506.0,48
3393.0,-2205.0,48
3253.0,-2175.0,48
3204.0,-2138.0,48
3196.0,-2132.0,48
3191.0,,48
7197.0,-7195.0,49
7192.0,-7191.0,49
7184.0,-7186.0,49
7179.0,-7181.0,49
7174.0,-7176.0,49
7163.0,-7169.0,49
7158.0,-7154.0,49
7153.0,-6729.0,49
7105.0,-6460.0,49
6950.0,-6289.0,49
6559.0,-5492.0,49
6379.0,-5473.0,49
6378.0,-5463.0,49
5396.0,-4851.0,49
5259.0,-4824.0,49
5055.0,-4311.0,49
4521.0,-4000.0,49
4501.0,-3964.0,49
4340.0,-3696.0,49
3928.0,-3670.0,49
3844.0,-3605.0,49
3777.0,-3214.0,49
3736.0,-3185.0,49
3722.0,-3089.0,49
3561.0,-2948.0,49
3430.0,-2843.0,49
3237.0,-2283.0,49
2712.0,-2000.0,49
2528.0,-1998.0,49
2407.0,-1734.0,49
2347.0,-1722.0,49
2300.0,-1625.0,49
1625.0,-1002.0,49
1437.0,-980.0,49
1247.0,-556.0,49
1225.0,-376.0,49
1007.0,-362.0,49
780.0,-348.0,49
766.0,-54.0,49
4086.0,-3615.0,49
3747.0,-2780.0,49
3475.0,-2687.0,49
3226.0,-2381.0,49
3102.0,-2242.0,49
3063.0,-1852.0,49
3016.0,-1764.0,49
3010.0,-1358.0,49
2956.0,-1345.0,49
2869.0,-1315.0,49
2670.0,-1287.0,49
2663.0,-1283.0,49
2654.0,,49
7198.0,-7194.0,50
7194.0,-7190.0,50
7189.0,-7184.0,50
7183.0,-7180.0,50
7178.0,-7175.0,50
7171.0,-7172.0,50
7165.0,-7166.0,50
7159.0,-7161.0,50
7153.0,-7157.0,50
7146.0,-7145.0,50
7137.0,-7110.0,50
7121.0,-7071.0,50
7111.0,-7068.0,50
7105.0,-7064.0,50
7098.0,-7061.0,50
7090.0,-6754.0,50
7082.0,-6751.0,50
7070.0,-6746.0,50
7056.0,-6742.0,50
6902.0,-6344.0,50
6591.0,-6323.0,50
6498.0,-6306.0,50
6284.0,-6235.0,50
6149.0,-5872.0,50
5265.0,-5702.0,50
5171.0,-4552.0,50
5021.0,-4549.0,50
4758.0,-4443.0,50
3318.0,-4430.0,50
3140.0,-4409.0,50
2395.0,-3491.0,50
1659.0,-3415.0,50
1413.0,-3076.0,50
553.0,-3064.0,50
530.0,-3060.0,50
526.0,-3046.0,50
387.0,-2968.0,50
187.0,-2957.0,50
115.0,-2954.0,50
3681.0,-6547.0,50
3476.0,-6536.0,50
3470.0,-6535.0,50
7198.0,-7196.0,51
7190.0,-7192.0,51
7174.0,-7185.0,51
7167.0,-7161.0,51
7146.0,-7150.0,51
7071.0,-7100.0,51
6940.0,-6992.0,51
6643.0,-6573.0,51
5992.0,-6557.0,51
5988.0,-6551.0,51
5985.0,-6526.0,51
5553.0,-6494.0,51
4888.0,-6481.0,51
4446.0,-6471.0,51
4441.0,-6452.0,51
4124.0,-6295.0,51
3978.0,-6279.0,51
3492.0,-6201.0,51
2925.0,-5589.0,51
2546.0,-5579.0,51
2541.0,-4729.0,51
2484.0,-4696.0,51
2411.0,-4644.0,51
2329.0,-4637.0,51
2157.0,-4621.0,51
2145.0,-4605.0,51
2003.0,-4509.0,51
1968.0,-4503.0,51
1962.0,-4499.0,51
1958.0,-4496.0,51
1952.0,,51
7196.0,-7196.0,52
7190.0,-7192.0,52
7183.0,-7187.0,52
7033.0,-7181.0,52
7025.0,-7176.0,52
7016.0,-6972.0,52
6969.0,-6898.0,52
6945.0,-6477.0,52
6669.0,-6134.0,52
6358.0,-5944.0,52
6012.0,-5590.0,52
5695.0,-5344.0,52
5592.0,-5104.0,52
5135.0,-4662.0,52
4869.0,-4565.0,52
4736.0,-4247.0,52
4261.0,-3974.0,52
3105.0,-3461.0,52
2471.0,-2909.0,52
2256.0,-2478.0,52
2222.0,-2064.0,52
2066.0,-1513.0,52
1503.0,-1296.0,52
1460.0,-1139.0,52
1329.0,-1019.0,52
1196.0,-928.0,52
1154.0,-835.0,52
1133.0,-794.0,52
845.0,-788.0,52
679.0,-699.0,52
667.0,-545.0,52
321.0,-510.0,52
318.0,-411.0,52
7197.0,-7196.0,53
7192.0,-7193.0,53
7187.0,-7188.0,53
7163.0,-7178.0,53
7146.0,-7171.0,53
7141.0,-7144.0,53
7099.0,-6883.0,53
7084.0,-6604.0,53
6912.0,-6157.0,53
5532.0,-6058.0,53
4967.0,-5829.0,53
4887.0,-5716.0,53
4656.0,-5131.0,53
4488.0,-4985.0,53
4278.0,-4961.0,53
4043.0,-3469.0,53
,-3210.0,53
3403.0,-2977.0,53
3113.0,-2494.0,53
2423.0,-2463.0,53
2419.0,-2241.0,53
2332.0,-2236.0,53
2325.0,-2196.0,53
2156.0,-2143.0,53
2099.0,-1928.0,53
1974.0,-1732.0,53
1689.0,-1625.0,53
1686.0,-1085.0,53
,,53
686.0,-1009.0,53
640.0,-826.0,53
403.0,-808.0,53
401.0,-596.0,53
385.0,-577.0,53
235.0,-431.0,53
222.0,-419.0,53
130.0,-264.0,53
127.0,-249.0,53
75.0,-211.0,53
3670.0,-3724.0,53
3455.0,-3681.0,53
3309.0,-3544.0,53
2487.0,-2745.0,53
2482.0,-2261.0,53
2430.0,-2223.0,53
2422.0,-2138.0,53
2390.0,-1890.0,53
2212.0,-1774.0,53
2113.0,-1410.0,53
1922.0,-1404.0,53
1891.0,-1328.0,53
,-1045.0,53
1588.0,-985.0,53
1209.0,-887.0,53
992.0,-745.0,53
786.0,-731.0,53
588.0,-471.0,53
228.0,-189.0,53
223.0,-82.0,53
941.0,-976.0,53
664.0,-888.0,53
689.0,-615.0,53
553.0,-595.0,53
7198.0,-7195.0,54
7195.0,-7190.0,54
7189.0,-7185.0,54
7187.0,-7180.0,54
7148.0,-7166.0,54
7131.0,-7156.0,54
7125.0,-7153.0,54
7110.0,-7024.0,54
7071.0,-7018.0,54
7022.0,-6794.0,54
6967.0,-6736.0,54
6959.0,-6564.0,54
6337.0,-6242.0,54
6323.0,-6240.0,54
4651.0,-5883.0,54
4636.0,-5869.0,54
3925.0,-5842.0,54
3795.0,-5822.0,54
3276.0,-4737.0,54
3164.0,-4632.0,54
2709.0,-4610.0,54
2701.0,-4605.0,54
2612.0,-4192.0,54
2593.0,-3739.0,54
2513.0,-3682.0,54
2413.0,-2958.0,54
2083.0,-2850.0,54
2009.0,-2828.0,54
1935.0,-2810.0,54
1591.0,-2566.0,54
1587.0,-2541.0,54
1398.0,-2113.0,54
1383.0,-2088.0,54
1354.0,-1984.0,54
1285.0,-1606.0,54
1122.0,-1541.0,54
758.0,-1539.0,54
754.0,-1484.0,54
380.0,-1283.0,54
3698.0,-4747.0,54
3556.0,-4581.0,54
3485.0,-4567.0,54
2868.0,-4208.0,54
2789.0,-4169.0,54
2642.0,-3085.0,54
2266.0,-3064.0,54
2204.0,-2584.0,54
2076.0,-2538.0,54
1914.0,-2494.0,54
1845.0,-2488.0,54
1786.0,-2467.0,54
1697.0,-2408.0,54
1691.0,-2345.0,54
1488.0,-2335.0,54
1450.0,-2233.0,54
1333.0,-2185.0,54
1305.0,-2180.0,54
1268.0,,54
7198.0,-7192.0,55
7193.0,-7186.0,55
7187.0,-7166.0,55
7181.0,-7070.0,55
7172.0,-7047.0,55
7150.0,-7008.0,55
7143.0,-6886.0,55
7103.0,-6761.0,55
7093.0,-6715.0,55
7086.0,-6683.0,55
7068.0,-6076.0,55
7028.0,-5894.0,55
7000.0,-5792.0,55
6992.0,-5669.0,55
6972.0,-5657.0,55
4884.0,-5637.0,55
4352.0,-5122.0,55
4292.0,-4840.0,55
3732.0,-4457.0,55
3708.0,-4451.0,55
2997.0,-4438.0,55
2989.0,-4418.0,55
2149.0,-4181.0,55
2087.0,-4115.0,55
2061.0,-3749.0,55
1969.0,-3349.0,55
1949.0,-2196.0,55
1920.0,-2116.0,55
1734.0,-2111.0,55
1728.0,-2108.0,55
1409.0,-2099.0,55
1405.0,-1640.0,55
1214.0,-1460.0,55
1183.0,-1456.0,55
1029.0,-1427.0,55
989.0,-1411.0,55
876.0,-1384.0,55
780.0,-1376.0,55
776.0,-1170.0,55
4263.0,-4280.0,55
4233.0,-4275.0,55
4216.0,-4266.0,55
4190.0,-4256.0,55
4185.0,-4253.0,55
4179.0,-4250.0,55
4174.0,-4236.0,55
4170.0,-4233.0,55
,,55
